epoch,stage,total,bce,wbce,nc,q,base_loss,region_coef,region_ratio,region_ual,region_ual_raw
1,C3_broad_1to1,0.762008,0.460114,0.460114,0.301894,2.000000,0.762008,0.000000,0.142617,0.000000,0.691409
2,C3_broad_1to1,0.467165,0.282076,0.282076,0.185089,2.000000,0.467165,0.000000,0.145005,0.000000,0.554835
3,C3_broad_1to1,0.326653,0.197359,0.197359,0.129293,2.000000,0.326653,0.000000,0.144185,0.000000,0.446200
4,C3_broad_1to1,0.255619,0.152602,0.152602,0.103017,2.000000,0.255619,0.000000,0.144660,0.000000,0.378830
5,C3_broad_1to1,0.211232,0.123831,0.123831,0.087400,2.000000,0.211232,0.000000,0.145683,0.000000,0.326307
6,C3_broad_1to1,0.185633,0.105562,0.105562,0.080071,2.000000,0.185633,0.000000,0.141152,0.000000,0.293795
7,C3_broad_1to1,0.171163,0.094690,0.094690,0.076473,2.000000,0.171163,0.000000,0.140594,0.000000,0.273540
8,C3_broad_1to1,0.157930,0.085945,0.085945,0.071985,2.000000,0.157930,0.000000,0.145091,0.000000,0.256438
9,C3_broad_1to1,0.154435,0.082123,0.082123,0.072312,2.000000,0.154435,0.000000,0.142421,0.000000,0.245496
10,C3_broad_1to1,0.146013,0.076073,0.076073,0.069940,2.000000,0.146013,0.000000,0.141073,0.000000,0.236376
11,C3_broad_1to1,0.139796,0.073117,0.073117,0.066679,2.000000,0.139796,0.000000,0.144456,0.000000,0.221902
12,C3_broad_1to1,0.133229,0.068322,0.068322,0.064907,2.000000,0.133229,0.000000,0.141167,0.000000,0.217116
13,C3_broad_1to1,0.137036,0.069313,0.069313,0.067722,2.000000,0.137036,0.000000,0.142221,0.000000,0.218072
14,C3_broad_1to1,0.126776,0.065048,0.065048,0.061728,2.000000,0.126776,0.000000,0.148203,0.000000,0.204443
15,C3_broad_1to1,0.124243,0.062353,0.062353,0.061890,2.000000,0.124243,0.000000,0.142260,0.000000,0.201982
16,C3_broad_1to1,0.120376,0.060156,0.060156,0.060220,2.000000,0.120376,0.000000,0.140853,0.000000,0.198501
17,C3_broad_1to1,0.118604,0.059560,0.059560,0.059045,2.000000,0.118604,0.000000,0.145781,0.000000,0.192980
18,C3_broad_1to1,0.117815,0.059256,0.059256,0.058559,2.000000,0.117815,0.000000,0.146570,0.000000,0.190207
19,C3_broad_1to1,0.113918,0.056675,0.056675,0.057244,2.000000,0.113918,0.000000,0.143652,0.000000,0.187219
20,C3_broad_1to1,0.111779,0.054960,0.054960,0.056819,2.000000,0.111779,0.000000,0.141260,0.000000,0.184613
21,C3_broad_1to1,0.109498,0.054256,0.054256,0.055242,2.000000,0.109498,0.000000,0.144348,0.000000,0.181057
22,C3_broad_1to1,0.106818,0.053072,0.053072,0.053746,2.000000,0.106818,0.000000,0.144576,0.000000,0.175597
23,C3_broad_1to1,0.104018,0.051714,0.051714,0.052304,2.000000,0.104018,0.000000,0.145821,0.000000,0.174150
24,C3_broad_1to1,0.103773,0.051144,0.051144,0.052629,2.000000,0.103773,0.000000,0.141889,0.000000,0.172768
25,C3_broad_1to1,0.102518,0.050041,0.050041,0.052477,2.000000,0.102518,0.000000,0.142718,0.000000,0.171266
26,C3_broad_1to1,0.101282,0.049903,0.049903,0.051379,2.000000,0.101282,0.000000,0.144209,0.000000,0.167220
27,C3_broad_1to1,0.099543,0.048859,0.048859,0.050684,2.000000,0.099543,0.000000,0.144829,0.000000,0.166041
28,C3_broad_1to1,0.101541,0.050074,0.050074,0.051467,2.000000,0.101541,0.000000,0.146747,0.000000,0.167726
29,C3_broad_1to1,0.098237,0.047712,0.047712,0.050525,2.000000,0.098237,0.000000,0.142924,0.000000,0.165080
30,C3_broad_1to1,0.093581,0.045771,0.045771,0.047810,2.000000,0.093581,0.000000,0.143129,0.000000,0.158216
31,C3_broad_1to1,0.092739,0.045486,0.045486,0.047253,2.000000,0.092739,0.000000,0.144603,0.000000,0.157044
32,C3_broad_1to1,0.091699,0.044600,0.044600,0.047100,2.000000,0.091699,0.000000,0.141192,0.000000,0.155478
33,C3_broad_1to1,0.093061,0.045055,0.045055,0.048005,2.000000,0.093061,0.000000,0.141131,0.000000,0.157783
34,C3_broad_1to1,0.092698,0.045186,0.045186,0.047512,2.000000,0.092698,0.000000,0.144064,0.000000,0.155165
35,C3_broad_1to1,0.090552,0.044049,0.044049,0.046503,2.000000,0.090552,0.000000,0.143237,0.000000,0.153360
36,C3_broad_1to1,0.089621,0.044129,0.044129,0.045492,2.000000,0.089621,0.000000,0.144872,0.000000,0.150608
37,C3_broad_1to1,0.086921,0.042139,0.042139,0.044781,2.000000,0.086921,0.000000,0.142367,0.000000,0.147432
38,C3_broad_1to1,0.084757,0.041282,0.041282,0.043475,2.000000,0.084757,0.000000,0.144151,0.000000,0.144216
39,C3_broad_1to1,0.086661,0.042088,0.042088,0.044574,2.000000,0.086661,0.000000,0.143250,0.000000,0.146767
40,C3_broad_1to1,0.085688,0.041820,0.041820,0.043868,2.000000,0.085688,0.000000,0.144347,0.000000,0.145617
41,C3_broad_1to1,0.083440,0.040618,0.040618,0.042822,2.000000,0.083440,0.000000,0.143577,0.000000,0.143020
42,C3_broad_1to1,0.084047,0.040872,0.040872,0.043175,2.000000,0.084047,0.000000,0.143702,0.000000,0.142102
43,C3_broad_1to1,0.082832,0.040031,0.040031,0.042801,2.000000,0.082832,0.000000,0.142243,0.000000,0.140762
44,C3_broad_1to1,0.082985,0.040160,0.040160,0.042825,2.000000,0.082985,0.000000,0.143061,0.000000,0.141450
45,C3_broad_1to1,0.081576,0.039466,0.039466,0.042110,2.000000,0.081576,0.000000,0.141495,0.000000,0.139780
46,C3_broad_1to1,0.079621,0.038462,0.038462,0.041158,2.000000,0.079621,0.000000,0.141832,0.000000,0.138199
47,C3_broad_1to1,0.084339,0.040769,0.040769,0.043571,2.000000,0.084339,0.000000,0.142757,0.000000,0.141599
48,C3_broad_1to1,0.078694,0.037997,0.037997,0.040697,2.000000,0.078694,0.000000,0.141231,0.000000,0.135172
49,C3_broad_1to1,0.076600,0.037192,0.037192,0.039408,2.000000,0.076600,0.000000,0.143825,0.000000,0.132045
50,C3_broad_1to1,0.076893,0.037014,0.037014,0.039879,2.000000,0.076893,0.000000,0.142741,0.000000,0.133457
51,C3_broad_1to1,0.077223,0.037039,0.037039,0.040183,2.000000,0.077223,0.000000,0.142202,0.000000,0.132916
52,C3_broad_1to1,0.074784,0.036076,0.036076,0.038708,2.000000,0.074784,0.000000,0.142903,0.000000,0.129941
53,C3_broad_1to1,0.076327,0.037119,0.037119,0.039208,2.000000,0.076327,0.000000,0.145817,0.000000,0.131137
54,C3_broad_1to1,0.077657,0.037812,0.037812,0.039845,2.000000,0.077657,0.000000,0.145234,0.000000,0.131199
55,C3_broad_1to1,0.074897,0.036111,0.036111,0.038786,2.000000,0.074897,0.000000,0.144435,0.000000,0.130419
56,C3_broad_1to1,0.074772,0.036087,0.036087,0.038685,2.000000,0.074772,0.000000,0.143513,0.000000,0.128215
57,C3_broad_1to1,0.073850,0.035420,0.035420,0.038430,2.000000,0.073850,0.000000,0.142749,0.000000,0.127688
58,C3_broad_1to1,0.073183,0.035240,0.035240,0.037943,2.000000,0.073183,0.000000,0.145573,0.000000,0.126646
59,C3_broad_1to1,0.071586,0.034603,0.034603,0.036983,2.000000,0.071586,0.000000,0.142896,0.000000,0.124683
60,C3_broad_1to1,0.070055,0.034026,0.034026,0.036029,2.000000,0.070055,0.000000,0.145687,0.000000,0.121489
61,C3_anneal,0.189516,0.050568,0.050568,0.094764,1.001980,0.189512,0.000405,0.141183,0.000004,0.056113
62,C3_anneal,0.170503,0.055203,0.055203,0.085239,1.000000,0.170477,0.002836,0.144460,0.000025,0.044914
63,C3_anneal,0.168486,0.056174,0.056174,0.084211,1.000000,0.168423,0.007690,0.139089,0.000063,0.041229
64,C3_anneal,0.169566,0.061226,0.061226,0.084725,1.000000,0.169449,0.014942,0.143911,0.000117,0.039258
65,C3_anneal,0.163904,0.060958,0.060958,0.081862,1.000000,0.163723,0.024558,0.142173,0.000180,0.036854
66,C3_anneal,0.160694,0.065907,0.065907,0.080218,1.000000,0.160437,0.036489,0.146927,0.000257,0.035225
67,C3_anneal,0.159105,0.065118,0.065118,0.079380,1.000000,0.158761,0.050679,0.141760,0.000344,0.033999
68,C3_anneal,0.157820,0.070580,0.070580,0.078690,1.000000,0.157380,0.067058,0.145781,0.000440,0.032861
69,C3_anneal,0.153880,0.069199,0.069199,0.076666,1.000000,0.153332,0.085546,0.142849,0.000548,0.032024
70,C3_anneal,0.151579,0.069770,0.069770,0.075463,1.000000,0.150925,0.106053,0.144670,0.000654,0.030831
71,C3_anneal,0.156059,0.072076,0.072076,0.077643,1.000000,0.155286,0.128480,0.143736,0.000773,0.030100
72,C3_anneal,0.147737,0.071422,0.071422,0.073426,1.000000,0.146852,0.152716,0.144095,0.000884,0.028966
73,C3_anneal,0.151665,0.072186,0.072186,0.075320,1.000000,0.150641,0.178645,0.142570,0.001025,0.028691
74,C3_anneal,0.156127,0.073501,0.073501,0.077476,1.000000,0.154952,0.206139,0.141507,0.001175,0.028488
75,C3_anneal,0.148600,0.074772,0.074772,0.073654,1.000000,0.147308,0.235065,0.142346,0.001292,0.027474
76,C3_anneal,0.143328,0.076960,0.076960,0.070961,1.000000,0.141922,0.265281,0.148913,0.001406,0.026500
77,C3_anneal,0.148341,0.079796,0.079796,0.073392,1.000000,0.146783,0.296641,0.143653,0.001557,0.026250
78,C3_anneal,0.152027,0.078157,0.078157,0.075157,1.000000,0.150314,0.328992,0.141629,0.001714,0.026051
79,C3_anneal,0.144577,0.078335,0.078335,0.071376,1.000000,0.142752,0.362176,0.143405,0.001825,0.025209
80,C3_anneal,0.146173,0.085370,0.085370,0.072113,1.000000,0.144226,0.396031,0.145827,0.001946,0.024578
81,C3_anneal,0.142514,0.082073,0.082073,0.070219,1.000000,0.140439,0.430393,0.144341,0.002075,0.024116
82,C3_anneal,0.141781,0.081032,0.081032,0.069792,1.000000,0.139584,0.465094,0.142834,0.002197,0.023630
83,C3_anneal,0.140655,0.081298,0.081298,0.069159,1.000000,0.138318,0.499965,0.144554,0.002337,0.023381
84,C3_anneal,0.141536,0.085294,0.085294,0.069555,1.000000,0.139111,0.534837,0.143405,0.002425,0.022674
85,C3_anneal,0.143201,0.087066,0.087066,0.070321,1.000000,0.140642,0.569538,0.144220,0.002559,0.022470
86,C3_anneal,0.141000,0.085034,0.085034,0.069169,1.000000,0.138337,0.603901,0.142806,0.002663,0.022043
87,C3_anneal,0.136129,0.081943,0.081943,0.066687,1.000000,0.133374,0.637757,0.142410,0.002755,0.021599
88,C3_anneal,0.140567,0.089022,0.089022,0.068854,1.000000,0.137709,0.670943,0.144753,0.002858,0.021304
89,C3_anneal,0.139130,0.090755,0.090755,0.068085,1.000000,0.136171,0.703295,0.145107,0.002959,0.021040
90,C3_anneal,0.136833,0.090489,0.090489,0.066892,1.000000,0.133783,0.734658,0.144085,0.003049,0.020752
91,C3_anneal,0.135627,0.087731,0.087731,0.066262,1.000000,0.132524,0.764877,0.144289,0.003102,0.020277
92,C3_anneal,0.132612,0.087082,0.087082,0.064729,1.000000,0.129457,0.793805,0.145546,0.003155,0.019874
93,C3_anneal,0.138902,0.091669,0.091669,0.067809,1.000000,0.135619,0.821302,0.142746,0.003283,0.019988
94,C3_anneal,0.131153,0.093100,0.093100,0.063955,1.000000,0.127911,0.847234,0.145304,0.003243,0.019139
95,C3_anneal,0.134239,0.090874,0.090874,0.065453,1.000000,0.130905,0.871474,0.143074,0.003333,0.019125
96,C3_anneal,0.131996,0.092019,0.092019,0.064304,1.000000,0.128609,0.893904,0.144715,0.003388,0.018949
97,C3_anneal,0.135804,0.097571,0.097571,0.066176,1.000000,0.132353,0.914415,0.146563,0.003451,0.018873
98,C3_anneal,0.131499,0.093552,0.093552,0.064052,1.000000,0.128104,0.932907,0.143910,0.003395,0.018194
99,C3_anneal,0.131365,0.096692,0.096692,0.063981,1.000000,0.127962,0.949291,0.143713,0.003403,0.017923
100,C3_anneal,0.132543,0.099341,0.099341,0.064546,1.000000,0.129092,0.963485,0.145048,0.003451,0.017912
101,C3_anneal,0.133875,0.099997,0.099997,0.065201,1.000000,0.130402,0.975421,0.146849,0.003474,0.017806
102,C3_anneal,0.129187,0.097756,0.097756,0.062863,1.000000,0.125725,0.985041,0.144960,0.003462,0.017573
103,C3_anneal,0.126971,0.097433,0.097433,0.061766,1.000000,0.123531,0.992298,0.144746,0.003439,0.017330
104,C3_anneal,0.127691,0.098957,0.098957,0.062145,1.000000,0.124289,0.997156,0.144084,0.003402,0.017057
105,C3_anneal,0.129327,0.098696,0.098696,0.062979,1.000000,0.125959,0.999593,0.143835,0.003368,0.016847
106,C3_anneal,0.127089,0.099708,0.099708,0.061873,1.000000,0.123745,1.000000,0.145934,0.003344,0.016719
107,C3_anneal,0.132521,0.104230,0.104230,0.064573,1.000000,0.129147,1.000000,0.143757,0.003374,0.016870
108,C3_anneal,0.123471,0.100487,0.100487,0.060111,1.000000,0.120221,1.000000,0.144779,0.003250,0.016251
109,C3_anneal,0.122923,0.096538,0.096538,0.059829,1.000000,0.119658,1.000000,0.143499,0.003265,0.016325
110,C3_anneal,0.117070,0.096441,0.096441,0.056920,1.000000,0.113841,1.000000,0.144999,0.003229,0.016146
111,C3_anneal,0.117820,0.097417,0.097417,0.057308,1.000000,0.114617,1.000000,0.148326,0.003203,0.016014
112,C3_anneal,0.126157,0.107999,0.107999,0.061455,1.000000,0.122911,1.000000,0.146157,0.003246,0.016232
113,C3_anneal,0.121113,0.097991,0.097991,0.058975,1.000000,0.117951,1.000000,0.146350,0.003162,0.015812
114,C3_anneal,0.121573,0.096991,0.096991,0.059191,1.000000,0.118381,1.000000,0.143726,0.003192,0.015958
115,C3_anneal,0.116656,0.094270,0.094270,0.056774,1.000000,0.113547,1.000000,0.147129,0.003108,0.015541
116,C3_anneal,0.115832,0.096260,0.096260,0.056397,1.000000,0.112794,1.000000,0.144629,0.003038,0.015188
117,C3_anneal,0.116612,0.101026,0.101026,0.056777,1.000000,0.113555,1.000000,0.148530,0.003057,0.015285
118,C3_anneal,0.114546,0.099720,0.099720,0.055768,1.000000,0.111535,1.000000,0.147740,0.003011,0.015056
119,C3_anneal,0.115077,0.096752,0.096752,0.056044,1.000000,0.112087,1.000000,0.146903,0.002990,0.014950
120,C3_anneal,0.113463,0.096913,0.096913,0.055253,1.000000,0.110506,1.000000,0.145618,0.002957,0.014785
121,C3_anneal,0.109131,0.094440,0.094440,0.053101,1.000000,0.106201,1.000000,0.146793,0.002930,0.014650
122,C3_anneal,0.108650,0.094510,0.094510,0.052888,1.000000,0.105776,1.000000,0.149088,0.002874,0.014369
123,C3_anneal,0.110113,0.091411,0.091411,0.053592,1.000000,0.107184,1.000000,0.142552,0.002929,0.014645
124,C3_anneal,0.104604,0.093981,0.093981,0.050881,1.000000,0.101762,1.000000,0.148954,0.002842,0.014212
125,C3_anneal,0.105165,0.091840,0.091840,0.051139,1.000000,0.102277,1.000000,0.145511,0.002888,0.014442
126,C3_anneal,0.106968,0.088614,0.088614,0.052032,1.000000,0.104065,1.000000,0.142415,0.002903,0.014513
127,C3_anneal,0.104088,0.091007,0.091007,0.050600,1.000000,0.101199,1.000000,0.146283,0.002889,0.014443
128,C3_anneal,0.107115,0.090889,0.090889,0.052112,1.000000,0.104225,1.000000,0.145756,0.002890,0.014452
129,C3_anneal,0.104524,0.095294,0.095294,0.050838,1.000000,0.101676,1.000000,0.148318,0.002848,0.014241
130,C3_anneal,0.104271,0.089392,0.089392,0.050711,1.000000,0.101422,1.000000,0.146499,0.002849,0.014244
131,C3_anneal,0.104386,0.091161,0.091161,0.050775,1.000000,0.101551,1.000000,0.147198,0.002835,0.014177
132,C3_anneal,0.102381,0.090185,0.090185,0.049767,1.000000,0.099535,1.000000,0.146139,0.002846,0.014229
133,C3_anneal,0.102995,0.090825,0.090825,0.050079,1.000000,0.100158,1.000000,0.148437,0.002837,0.014184
134,C3_anneal,0.103553,0.088864,0.088864,0.050357,1.000000,0.100715,1.000000,0.147584,0.002838,0.014190
135,C3_anneal,0.104908,0.091779,0.091779,0.051020,1.000000,0.102041,1.000000,0.147208,0.002867,0.014336
136,C3_anneal,0.103708,0.091719,0.091719,0.050432,1.000000,0.100864,1.000000,0.145538,0.002844,0.014222
137,C3_anneal,0.101965,0.090864,0.090864,0.049583,1.000000,0.099165,1.000000,0.146465,0.002800,0.013999
138,C3_anneal,0.103457,0.093552,0.093552,0.050320,1.000000,0.100639,1.000000,0.147748,0.002818,0.014089
139,C3_anneal,0.102292,0.092172,0.092172,0.049726,1.000000,0.099452,1.000000,0.147506,0.002840,0.014199
140,C3_anneal,0.099041,0.089826,0.089826,0.048128,1.000000,0.096255,1.000000,0.148822,0.002786,0.013930
141,C3_reliable_0p3,0.100477,0.092317,0.092317,0.048835,1.000000,0.097670,1.000000,0.147489,0.002807,0.014036
142,C3_reliable_0p3,0.103272,0.088887,0.088887,0.050240,1.000000,0.100480,1.000000,0.146644,0.002792,0.013960
143,C3_reliable_0p3,0.101226,0.088856,0.088856,0.049208,1.000000,0.098417,1.000000,0.148397,0.002809,0.014046
144,C3_reliable_0p3,0.100622,0.088935,0.088935,0.048909,1.000000,0.097819,1.000000,0.147735,0.002803,0.014016
145,C3_reliable_0p3,0.099621,0.089945,0.089945,0.048422,1.000000,0.096844,1.000000,0.148844,0.002777,0.013883
146,C3_reliable_0p3,0.100223,0.092656,0.092656,0.048721,1.000000,0.097442,1.000000,0.146732,0.002781,0.013904
147,C3_reliable_0p3,0.099377,0.088900,0.088900,0.048299,1.000000,0.096598,1.000000,0.146958,0.002779,0.013894
148,C3_reliable_0p3,0.100584,0.091446,0.091446,0.048901,1.000000,0.097803,1.000000,0.148941,0.002781,0.013903
149,C3_reliable_0p3,0.099747,0.087426,0.087426,0.048479,1.000000,0.096959,1.000000,0.144427,0.002788,0.013940
150,C3_reliable_0p3,0.099527,0.088076,0.088076,0.048370,1.000000,0.096741,1.000000,0.147553,0.002786,0.013930
